{
  "id": "",
  "name": "",
  "font_family": "iconfont",
  "css_prefix_text": "icon-",
  "description": "",
  "glyphs": [
    {
      "icon_id": "2742226",
      "name": "名片",
      "font_class": "mingpian-copy",
      "unicode": "e507",
      "unicode_decimal": 58631
    },
    {
      "icon_id": "4422025",
      "name": "主页",
      "font_class": "zhuye",
      "unicode": "e619",
      "unicode_decimal": 58905
    },
    {
      "icon_id": "5264197",
      "name": "音乐",
      "font_class": "yinle",
      "unicode": "e5a8",
      "unicode_decimal": 58792
    },
    {
      "icon_id": "6477303",
      "name": "标签",
      "font_class": "biaoqian",
      "unicode": "e504",
      "unicode_decimal": 58628
    },
    {
      "icon_id": "9967920",
      "name": "公告",
      "font_class": "gonggao",
      "unicode": "e60d",
      "unicode_decimal": 58893
    },
    {
      "icon_id": "10810819",
      "name": "置顶",
      "font_class": "zhiding",
      "unicode": "e60e",
      "unicode_decimal": 58894
    },
    {
      "icon_id": "14560240",
      "name": "码云",
      "font_class": "mayun",
      "unicode": "e508",
      "unicode_decimal": 58632
    },
    {
      "icon_id": "18296203",
      "name": "分类",
      "font_class": "leimupinleifenleileibie",
      "unicode": "e501",
      "unicode_decimal": 58625
    },
    {
      "icon_id": "19895087",
      "name": "时间轴",
      "font_class": "shijianzhou",
      "unicode": "e62a",
      "unicode_decimal": 58922
    }
  ]
}
