<?xml version="1.0" encoding="UTF-8"?>
<!DOCTYPE mapper
        PUBLIC "-//mybatis.org//DTD Mapper 3.0//EN"
        "http://mybatis.org/dtd/mybatis-3-mapper.dtd">
<mapper namespace="xyz.esion.blog.mapper.ArticleMapper">

    <resultMap id="BaseResultMap" type="xyz.esion.blog.entity.Article">
            <id property="id" column="id" jdbcType="INTEGER"/>
            <result property="title" column="title" jdbcType="VARCHAR"/>
            <result property="image" column="image" jdbcType="VARCHAR"/>
            <result property="categoryId" column="category_id" jdbcType="INTEGER"/>
            <result property="tags" column="tags" jdbcType="VARCHAR"/>
            <result property="sequence" column="sequence" jdbcType="BIGINT"/>
            <result property="description" column="description" jdbcType="VARCHAR"/>
            <result property="createTime" column="create_time" jdbcType="TIMESTAMP"/>
            <result property="updateTime" column="update_time" jdbcType="TIMESTAMP"/>
            <result property="isDelete" column="is_delete" jdbcType="BOOLEAN"/>
            <result property="wordCount" column="word_count" jdbcType="INTEGER"/>
            <result property="readTime" column="read_time" jdbcType="INTEGER"/>
            <result property="viewCount" column="view_count" jdbcType="INTEGER"/>
            <result property="commentCount" column="comment_count" jdbcType="INTEGER"/>
            <result property="content" column="content" jdbcType="VARCHAR"/>
    </resultMap>

    <sql id="Base_Column_List">
        id,title,image,
        category_id,tags,sequence,
        description,create_time,update_time,
        is_delete,word_count,read_time,
        view_count,comment_count,content
    </sql>
    <update id="updateViewCountById">
        update t_article
        set view_count = #{viewCount}
        where id = #{id}
    </update>
    <select id="selectAllList" resultType="xyz.esion.blog.entity.dto.ArticleListBack">
        select id,title,image,
               category_id,tags,sequence,
               description,create_time,update_time,
               is_delete,word_count,read_time,
               view_count,comment_count
        from t_article
    </select>
</mapper>
