<?xml version="1.0" encoding="UTF-8"?>
<!DOCTYPE mapper
        PUBLIC "-//mybatis.org//DTD Mapper 3.0//EN"
        "http://mybatis.org/dtd/mybatis-3-mapper.dtd">
<mapper namespace="xyz.esion.blog.mapper.ArticleInfoMapper">

    <resultMap id="BaseResultMap" type="xyz.esion.blog.entity.ArticleInfo">
            <result property="id" column="id" jdbcType="INTEGER"/>
            <result property="title" column="title" jdbcType="VARCHAR"/>
            <result property="categoryId" column="category_id" jdbcType="INTEGER"/>
            <result property="categoryName" column="category_name" jdbcType="VARCHAR"/>
            <result property="tags" column="tags" jdbcType="VARCHAR"/>
            <result property="createTime" column="create_time" jdbcType="TIMESTAMP"/>
            <result property="updateTime" column="update_time" jdbcType="TIMESTAMP"/>
            <result property="wordCount" column="word_count" jdbcType="INTEGER"/>
            <result property="readTime" column="read_time" jdbcType="INTEGER"/>
            <result property="viewCount" column="view_count" jdbcType="INTEGER"/>
            <result property="commentCount" column="comment_count" jdbcType="INTEGER"/>
            <result property="content" column="content" jdbcType="VARCHAR"/>
    </resultMap>

    <sql id="Base_Column_List">
        id,title,category_id,
        category_name,tags,create_time,
        update_time,word_count,read_time,
        view_count,comment_count,content
    </sql>
    <select id="selectSumWithWordCount" resultType="java.lang.Long">
        select sum(word_count)
        from v_article_info
    </select>
</mapper>
