<?xml version="1.0" encoding="UTF-8"?>
<!DOCTYPE mapper
        PUBLIC "-//mybatis.org//DTD Mapper 3.0//EN"
        "http://mybatis.org/dtd/mybatis-3-mapper.dtd">
<mapper namespace="xyz.esion.blog.mapper.CategoryMapper">

    <resultMap id="BaseResultMap" type="xyz.esion.blog.entity.Category">
            <id property="id" column="id" jdbcType="INTEGER"/>
            <result property="name" column="name" jdbcType="VARCHAR"/>
            <result property="createTime" column="create_time" jdbcType="TIMESTAMP"/>
            <result property="updateTime" column="update_time" jdbcType="TIMESTAMP"/>
            <result property="isDelete" column="is_delete" jdbcType="BOOLEAN"/>
    </resultMap>

    <sql id="Base_Column_List">
        id,name,create_time,
        update_time,is_delete
    </sql>
</mapper>
